{"34": [0.03333333333333333, 0.1, 0.16666666666666666, 0.23333333333333334, 0.3, 0.36666666666666664, 0.43333333333333335, 0.5, 0.5666666666666667, 0.6333333333333333, 0.7, 0.7666666666666667, 0.8333333333333334, 0.9, 0.9666666666666667], "14": [0.03333333333333333, 0.1, 0.16666666666666666, 0.23333333333333334, 0.3, 0.36666666666666664, 0.43333333333333335, 0.5, 0.5666666666666667, 0.6333333333333333, 0.7, 0.7666666666666667, 0.8333333333333334, 0.9, 0.9666666666666667], "15": [0.023809523809523808, 0.07142857142857142, 0.11904761904761904, 0.16666666666666666, 0.21428571428571427, 0.2619047619047619, 0.30952380952380953, 0.35714285714285715, 0.40476190476190477, 0.4523809523809524, 0.5, 0.5476190476190477, 0.5952380952380952, 0.6428571428571429, 0.6904761904761905, 0.7380952380952381, 0.7857142857142857, 0.8333333333333334, 0.8809523809523809, 0.9285714285714286, 0.9761904761904762], "22": [0.029411764705882353, 0.08823529411764706, 0.14705882352941177, 0.20588235294117646, 0.2647058823529412, 0.3235294117647059, 0.38235294117647056, 0.4411764705882353, 0.5, 0.5588235294117647, 0.6176470588235294, 0.6764705882352942, 0.7352941176470589, 0.7941176470588235, 0.8529411764705882, 0.9117647058823529, 0.9705882352941176], "25": [0.038461538461538464, 0.11538461538461539, 0.19230769230769232, 0.2692307692307692, 0.34615384615384615, 0.4230769230769231, 0.5, 0.5769230769230769, 0.6538461538461539, 0.7307692307692307, 0.8076923076923077, 0.8846153846153846, 0.9615384615384616], "31": [0.07142857142857142, 0.21428571428571427, 0.35714285714285715, 0.5, 0.6428571428571429, 0.7857142857142857, 0.9285714285714286]}