{"34": [32.63428084573324, 43.71824250685466, 54.802204167976086, 65.88616582909751, 76.97012749021894, 88.05408915134036, 99.1380508124618, 110.22201247358322, 121.30597413470464, 132.3899357958261, 143.4738974569475, 154.55785911806893, 165.64182077919037, 176.72578244031178, 187.80974410143324], "14": [34.728200947095075, 46.037059592188804, 57.345918237282525, 68.65477688237624, 79.96363552746996, 91.27249417256368, 102.58135281765742, 113.89021146275114, 125.19907010784486, 136.5079287529386, 147.81678739803232, 159.12564604312607, 170.4345046882198, 181.7433633333135, 193.05222197840723], "15": [13.406136058597827, 24.5996335501537, 35.79313104170958, 46.98662853326545, 58.18012602482133, 69.3736235163772, 80.56712100793307, 91.76061849948894, 102.95411599104482, 114.14761348260069, 125.34111097415656, 136.53460846571247, 147.72810595726833, 158.92160344882421, 170.11510094038007, 181.30859843193596, 192.50209592349182, 203.6955934150477, 214.88909090660357, 226.08258839815946, 237.27608588971532], "22": [54.28448579953714, 64.56464856059293, 74.84481132164873, 85.12497408270454, 95.40513684376035, 105.68529960481615, 115.96546236587194, 126.24562512692775, 136.52578788798357, 146.80595064903937, 157.08611341009518, 167.366276171151, 177.64643893220682, 187.9266016932626, 198.2067644543184, 208.4869272153742, 218.76708997643001], "25": [56.24361652057072, 66.13182005680491, 76.02002359303911, 85.9082271292733, 95.7964306655075, 105.6846342017417, 115.5728377379759, 125.46104127421009, 135.34924481044433, 145.2374483466785, 155.1256518829127, 165.01385541914692, 174.90205895538114], "31": [86.6925855160792, 95.10552556639786, 103.51846561671653, 111.93140566703518, 120.34434571735385, 128.7572857676725, 137.17022581799117]}