{"25": [0.11538461538461539, 0.2692307692307692, 0.4230769230769231, 0.5769230769230769, 0.7307692307692308, 0.8846153846153846], "15": [0.07142857142857142, 0.16666666666666666, 0.2619047619047619, 0.35714285714285715, 0.4523809523809524, 0.5476190476190477, 0.6428571428571428, 0.7380952380952381, 0.8333333333333333, 0.9285714285714286], "14": [0.1, 0.23333333333333334, 0.3666666666666667, 0.5, 0.6333333333333333, 0.7666666666666666, 0.9], "22": [0.08823529411764705, 0.20588235294117646, 0.32352941176470584, 0.4411764705882353, 0.5588235294117647, 0.6764705882352942, 0.7941176470588236, 0.9117647058823529], "31": [0.21428571428571427, 0.5, 0.7857142857142858], "34": [0.1, 0.23333333333333334, 0.3666666666666667, 0.5, 0.6333333333333333, 0.7666666666666666, 0.9]}