{"34": [43.71824250685466, 65.88616582909751, 88.05408915134036, 110.22201247358322, 132.3899357958261, 154.55785911806893, 176.72578244031178], "14": [46.037059592188804, 68.65477688237624, 91.27249417256368, 113.89021146275114, 136.5079287529386, 159.12564604312607, 181.7433633333135], "15": [24.5996335501537, 46.98662853326545, 69.3736235163772, 91.76061849948894, 114.14761348260069, 136.53460846571247, 158.92160344882421, 181.30859843193596, 203.6955934150477, 226.08258839815946], "22": [64.56464856059293, 85.12497408270454, 105.68529960481615, 126.24562512692775, 146.80595064903937, 167.366276171151, 187.9266016932626, 208.4869272153742], "25": [66.13182005680491, 85.9082271292733, 105.6846342017417, 125.46104127421009, 145.2374483466785, 165.01385541914692], "31": [95.10552556639786, 111.93140566703518, 128.7572857676725]}